{"file_hashes":[{"block_hashes":["bSBHPPfuKmhC5gbHne79/GZwtoVa4dZSaebC/lwzK78=","PvJQV/xT01INbKGeB+zDk5/pvCPwd6+1/C1H3nbXCwY="],"block_size":4096,"path":"background.js"},{"block_hashes":["uex/VCY3z3j58gTXIO6+zd1oWHKLDZy1Ps6pGJIDAGA=","TKtVjsAbf5ALm1KHxnVgRIBBJihFDwTAlGwFr7CjNQc=","1gRdimd8aTbJAMv0BuRniz3BMrVHh29XCrP1s66RiMA=","kFKdqv+tQc/WSMmHsvzsJOE/PKlXmyo1womYJFfQpeI=","lHROuwsYcQvyxhkOvO4+1ClLxW2BVh09fXt+VthcOcE=","sLlA1nkFfKPle3PIN63mJ7OS8rlQqX7TfTD0LQU0WT8=","aQn+RVKIObAZsvOEXMsNRTODDm5TITntxvtuTlJ4F3s=","PA/hh3libFTLTr32l853jZPwmS97XPj+9xLzTTWjESk=","ZBCJ2Ue7SKXuFR/HnR74AciLups0dUCqTaHn1GYoyVQ=","Iu7vOdi0wdNbyCjN3r7nc6bCfPTKqH3IZj5BjfFnUhE=","a5kr+ajBy8Z8Q+IPg9E7B9ihM/EP1KNYb2RRVvDIWzg=","4xrOIzoYmWJuF1sa/R9R22B8eC2l+gIstwcSypLNPQE=","0MHR/KrVwdSNSbMIzUUTHyXaXL4FdFwpoOULpyskk7I=","kPqHHWx3gpPqVNfiRtrcErg+Gjz+wBN8oKYrUGQ4t4c=","/57t3MjL/kbHUZ3ltAyYeqEmDGCpqOMDL8r1zwTPNQ4=","HhTpay8L22MAX7l9aCldoagbLAmDfitzX7/ifx5/hOU=","qtUxfOn1Y6KGAq7Xtj8OwTBYukbXkmPd/qIJgpZP3tM=","veucvkS47gTj7KvszsKEVd4jiaxT5J/57iUvisa/32g=","iCvUjcgl2kvSkaRv746Sq4c/IsLmdEzxPWbltQjMhrY=","mGyaly/g+WTHqP0f5bZ372ud9XcxZbhgiXY9n5tvX3A=","eHcBLIdJq0EVYvY2l/ZOcsumL7aQUCQOZOS710L1cws=","6fu/567BfaMiGes9+EABbQxZiiWHNwGhuidELaUnKLk=","v+oaiZQ8pSskayJ7eRBHGjOfRv8WPqFUUFuT7Wh/tss=","WqAubarySAF+qX42lYCX4xLGyhWEs+IfYOQ8A7fpp8Y=","c+PnQ9MpqFlyYo/hGUZGXo1Enl8nCEpI3Qlqb+qIOsw=","9KlZ0F58Qc94LV8QTDt22VRaPBAxQqOgXAg4mGfIG3c=","TW6E/WwFIwPQW37gcDYqx8fsxWIxmnAjb0EfNFuKr2Y=","Fhi2nmnskzY9fuMBNUbokaTb/e5qcK99a4IG0WZoaGY=","/nkx6WivPdk1eU6h0LlcHhCyGnPLcxo80i0aGN/LZwU=","TaYm+8uVOM9cIUhlAdsXnSxEODpNDnCzYhldjTdd+Fw="],"block_size":4096,"path":"theme/css/bootstrap.min.css"},{"block_hashes":["NxmjS43Gx0mUwf3Kgq0pYn5ddNyx12v1amqthCHqwZw="],"block_size":4096,"path":"theme/css/style.css"},{"block_hashes":["PGmADhrtuRJANGnATcI8MVY8xkX+UX3Ieg7Hf6czImM=","e79asVQUIov+TovtHS3wsSr43bqiczQpL5yZvsyxSHI=","vUnKuiMz52c/5ICxHj85Ij+nBX3BpozddOOMQ8sWOHc="],"block_size":4096,"path":"theme/hackbar-panel.html"},{"block_hashes":["kreNmEGzyyyLzslV9yFS5vlHn17HKsDdX+2yBY4fTCw="],"block_size":4096,"path":"theme/hackbar.html"},{"block_hashes":["0ts9ycMCeSzJFUUeg5U5Iw0Ax0jTlMnWIYAxN3mEUIc="],"block_size":4096,"path":"theme/img/addslashes.png"},{"block_hashes":["rE/0ZxMTDe+EGBaGVpjgfxg+81TMJhqFqAAUAd4Tnws="],"block_size":4096,"path":"theme/img/database.png"},{"block_hashes":["VvJ8pL47VE8bJagyExT3oAyNjG+chSIwl1ZrDsl2c9Y="],"block_size":4096,"path":"theme/img/database_convert.png"},{"block_hashes":["2jTQYCe1uilJoHxuXIWjWjVXWQwXHlhfgEcZCO8YEf8="],"block_size":4096,"path":"theme/img/downarrow.png"},{"block_hashes":["4ppb2CjhcT0ZDedFvXCC4QV3F+xxNlM83A7KrFrmIP0="],"block_size":4096,"path":"theme/img/downarrow2.png"},{"block_hashes":["Eu0OHP8LLuqZooqkceOqxeEf781WITMkmi0Aj4zm4M0="],"block_size":4096,"path":"theme/img/encryption.png"},{"block_hashes":["nZPEu4eUD9DhJu+ilaUn/CmgcJiIdR4jZmib1jJ5f1A="],"block_size":4096,"path":"theme/img/encryption_weak.png"},{"block_hashes":["HzWfVBwK1cDsCPo3uHMHlxshXk2AWNVet1XJuSpvqw8="],"block_size":4096,"path":"theme/img/hackbar_icon.png"},{"block_hashes":["rZMJkoI0UJo+HRr7sjtsQipgjpeQ9UVDZz16K7jRtAo="],"block_size":4096,"path":"theme/img/hexdecode.png"},{"block_hashes":["WV8v1W0T2vpiHQ5PjrubvK6Nqw7FN/cJVwyBYcdDl3g="],"block_size":4096,"path":"theme/img/hexencode.png"},{"block_hashes":["aF7S1VJD4Cjn9sbhAPsflS4aYvBK6H6HQtVJCS5pJnU=","mlAGECMzgf8UTer27pC38aWq3jHW5ZLB8DZqf9oMyDk="],"block_size":4096,"path":"theme/img/icon.png"},{"block_hashes":["12zqznolc65mntASHOJ7x6qk0WXmAJPBTepGLGB8IoI="],"block_size":4096,"path":"theme/img/load.png"},{"block_hashes":["5d3naiz8z5pbb5lznIY5W0CXJrRJXg34HVIptNhAUvY="],"block_size":4096,"path":"theme/img/lowercase.png"},{"block_hashes":["GUkuSzMVQxixJQ78BTrIoekzHBEHDXRbHmKcSwp13ZE="],"block_size":4096,"path":"theme/img/minus.gif"},{"block_hashes":["DowDY36OVdv4ODMk3Zb5wv+3hx7Y6H7zMSp5jgiA/C8="],"block_size":4096,"path":"theme/img/mysql.png"},{"block_hashes":["iZkTkbPx/Efyuw2OWoRN4caAUnuEiSOszjgm0/6q640="],"block_size":4096,"path":"theme/img/plus.gif"},{"block_hashes":["/9SkAJMeFzFbmrk2OQR/u5kGFOajNxdePBZ5Co/MMUM="],"block_size":4096,"path":"theme/img/split.gif"},{"block_hashes":["3UxLOHzoPEiZnSAmn73j+0m++2+z4W4K4cq/ogLkw90="],"block_size":4096,"path":"theme/img/stripspaces.png"},{"block_hashes":["C7bxp4ymt/NGvlYLcJXLPc2sP/oMjssETf1bwwB/fhY="],"block_size":4096,"path":"theme/img/uppercase.png"},{"block_hashes":["xLDrYRsNR2Oh0SOte6dROl4yhaQaY93JhM9a1iRIpQs="],"block_size":4096,"path":"theme/img/urld.png"},{"block_hashes":["AqpxByBtBOapOuSKJ0Q53+Z8uDBrOgdVQ089N44XPSg="],"block_size":4096,"path":"theme/img/urle.png"},{"block_hashes":["757OBNuGxTavwfX/uV+4iktimj3C7Z8rnoOtn7rzHRg="],"block_size":4096,"path":"theme/img/uud.png"},{"block_hashes":["NCdlRyfNoj+bEj8xSo8hxuvgupTEgopNaRNcwdBIuDI="],"block_size":4096,"path":"theme/img/uue.png"},{"block_hashes":["SFCKQvLz5Jr1uiMxC88hqbyoWtRgUUpL/uWysZO3tas="],"block_size":4096,"path":"theme/img/web.png"},{"block_hashes":["52atZlKN6LXUUxDnJ5Oat9GWFXNPnRP3rYt2NPnIkbs="],"block_size":4096,"path":"theme/img/xss.png"},{"block_hashes":["AR9OM9hrRIB4or1WtwYHcLLAeehqrStymKsNshZ1jzQ="],"block_size":4096,"path":"theme/img/xss_alert.png"},{"block_hashes":["LVEQDpsi0lP0zAzz0vTzcSRU83sVtYUYwicwcWsU7dc=","q4PrKsp/E2NKOO4mvnZUGNVcAeQm6vZ+TckfuSfbT2k=","YlUF3f1cBUZuuoCWIL9bUEzYochXWT7mDKck7v30dDE=","lThCghtnHl1Sl6M3kP14sGT/+2sKXa7+YDPY2DgEluA=","uBMBcsvaHfMgvffNHDG/710aUo4XkKe9U+1XamLIGL0=","Locq/S21Qjj6zB75IWVdqSV5n7nGPyar8K3f+HujfXs=","2KaBm0YR4Ri5rPdYgJxohiwF0MhqsyYAeViLV20kVLg=","PLNsDweGJEF2uale1OwDOBnMTAEsKbpgudNUHsQwLX0=","jp3Elk+uWaY3K6ZKFqi6OOE7mc+YIzJ4XkR3WAbMfqg=","W7ZTStlmX/E0CP+/rxGxivfcJvvrM5eSdCN6jFj6PfY="],"block_size":4096,"path":"theme/js/bootstrap.min.js"},{"block_hashes":["mvmWopDpFUvMxpBjlS8QCBR6JED1QbE8F3pruI9zYAU=","Sjns/i+9OzKb5SRUNjEgu2w9sBZ1wgLpRj6+u4dj9Fs=","FTwV9iP3lboWERz4mqfcV1ZvXjNeKhYIhobzd+k2ZlA=","IW21Whrn3165uVaIbsQA9Vn/c8UBVE6M4U3m3qJxoY4=","5CM9ahf4txW4kE6EQd8W8r8NT26H7geZtKllmzZM1oQ=","WpxNo8XpoPqrhElFYbWMyzMmQjxCEsof+HUqMqXZNRE="],"block_size":4096,"path":"theme/js/Encrypt.js"},{"block_hashes":["Ppi6K5yqdnhXRuko5KOKSHoGT/PKnjHs1iDZXgUa9UA=","A+QlSMp1H9Iu3iRR1zgX2ACYklhd6LIamBpGxX3ZmUE=","TwWecliUuLV1KwTd1lgcfNSmVed145xOxnhm2gy98To=","URfiaGVo7ig4MUs/doDJIjPAWVQ4P78l0JGmUfB6HoY="],"block_size":4096,"path":"theme/js/hackbar-panel.js"},{"block_hashes":["J/3ma3fpOe5lKT4bEKigtYA/AcB0lKlq4E0wmQJmuXw="],"block_size":4096,"path":"theme/js/hackbar.js"},{"block_hashes":["z9XxSM56wpjndQnLpiZ25eZzWw5JnBmD2eywcv645DM=","ZzgRvmfCU82wKEBUBNqUqbn3u0ygph6nzhNO2mSf+R0=","w9GTIxV/meD/+lYumXSBIiCeM3h9h796tGkT7TOjIX8=","6txKeTvTR5APd8DktfaDPZwJ2s0nQPHrTA8wq52BhlY=","eiXr8HIEGn/brOdtlHtbb+zKtDe+OdabY2Kk8d0LjYs=","iZTWW3CU4drtaLp4iUFLmw2etEZyQZWDW6sTGbA9D+U=","E7S+FG34hHzVYYMUI3ncc1xNAInuDzYGlWHjXsfsgkY=","xb2ok5sAgRsCdZ1oyvt7xgdFof3eLaCGEMPi9u2bXe4=","MYRyw7fRxZDTasjVLlLWeu/jC816E6SjGe0HV1vbWm4=","GK4jqNa6eb+Tm92uqT3UJ5glVpHu7Opc1ZAzfVkOSss=","HZnSN0Hjcm7r9JpcliXQEKthYSpYXjFxkKkrz+D/yoM=","io/EcImSsRwwRuo0i2axrVR13lnEVeVI73JvIngEgl0=","InxLJaZoBVUcfbicZLvNs5rWFkFVlGcswGeMQHNu/gY=","O2LT3RjdjGuYyS72iCp6QQ3R+sImR2SqJMLwzTwaOcM=","pDssTkX2IFyzugbQpypnidaoVirGBMmqPmtbYks+qpI=","HIQM92tY59ZJh3iPIFlFHmShyVE4HT4hy2wVlYHMZ3k=","9gClTKl4H52d8PwYi4S9KkhZ3wIWPQQ6ISXhEEhZ5hQ=","7fVD7ZOMoVa+WtvPIrBxyZJfkjwc0/H4o0Pk82qEW60="],"block_size":4096,"path":"theme/js/jquery-3.4.0.slim.min.js"},{"block_hashes":["BLEq7K3XQGfo339SLzjzpo7LBKHNyegpMGtXnFTTw3E="],"block_size":4096,"path":"theme/js/post_form.js"},{"block_hashes":["/n1fvvWvihP4D2bgzgAWupqOL2HOYshKqnKarPjKztQ="],"block_size":4096,"path":"theme/js/SQL.js"},{"block_hashes":["lRGoL0Q1LlLr2xp8GT6SW/TR9FtmS9MtSkCBM6jHaZY="],"block_size":4096,"path":"theme/js/XSS.js"}],"version":2}